<?xml version="1.0" encoding="utf-8"?>
<manifest xmlns:android="http://schemas.android.com/apk/res/android"
    xmlns:tools="http://schemas.android.com/tools"
    package="com.gamebooster.mobile">

    <!-- Permissions untuk Game Booster -->
    <!-- Akses informasi sistem dan perangkat -->
    <uses-permission android:name="android.permission.ACCESS_NETWORK_STATE" />
    <uses-permission android:name="android.permission.ACCESS_WIFI_STATE" />
    <uses-permission android:name="android.permission.BATTERY_STATS" />
    <uses-permission android:name="android.permission.GET_TASKS" />
    <uses-permission android:name="android.permission.SYSTEM_ALERT_WINDOW" />
    
    <!-- Permissions untuk optimasi performa -->
    <uses-permission android:name="android.permission.KILL_BACKGROUND_PROCESSES" />
    <uses-permission android:name="android.permission.REORDER_TASKS" />
    <uses-permission android:name="android.permission.SET_PROCESS_LIMIT" />
    
    <!-- Permissions untuk monitoring sistem -->
    <uses-permission android:name="android.permission.READ_EXTERNAL_STORAGE" />
    <uses-permission android:name="android.permission.WRITE_EXTERNAL_STORAGE" />
    <uses-permission android:name="android.permission.MANAGE_EXTERNAL_STORAGE" 
        tools:ignore="ScopedStorage" />
    
    <!-- Permissions untuk vibration dan notifikasi -->
    <uses-permission android:name="android.permission.VIBRATE" />
    <uses-permission android:name="android.permission.WAKE_LOCK" />
    <uses-permission android:name="android.permission.FOREGROUND_SERVICE" />
    
    <!-- Permissions untuk game detection -->
    <uses-permission android:name="android.permission.QUERY_ALL_PACKAGES" 
        tools:ignore="QueryAllPackagesPermission" />
    <uses-permission android:name="android.permission.PACKAGE_USAGE_STATS" 
        tools:ignore="ProtectedPermissions" />
    
    <!-- Hardware requirements -->
    <uses-feature android:name="android.hardware.touchscreen" android:required="true" />
    <uses-feature android:name="android.hardware.screen.portrait" android:required="false" />
    <uses-feature android:name="android.hardware.screen.landscape" android:required="false" />

    <application
        android:name=".MainApplication"
        android:label="@string/app_name"
        android:icon="@mipmap/ic_launcher"
        android:roundIcon="@mipmap/ic_launcher_round"
        android:allowBackup="true"
        android:theme="@style/AppTheme"
        android:requestLegacyExternalStorage="true"
        android:preserveLegacyExternalStorage="true"
        android:largeHeap="true"
        android:hardwareAccelerated="true">
        
        <!-- Main Activity -->
        <activity
            android:name=".MainActivity"
            android:exported="true"
            android:launchMode="singleTop"
            android:configChanges="keyboard|keyboardHidden|orientation|screenLayout|screenSize|smallestScreenSize|uiMode"
            android:windowSoftInputMode="adjustResize"
            android:screenOrientation="portrait">
            <intent-filter>
                <action android:name="android.intent.action.MAIN" />
                <category android:name="android.intent.category.LAUNCHER" />
            </intent-filter>
        </activity>
        
        <!-- Boost Service untuk background optimization -->
        <service
            android:name=".services.GameBoostService"
            android:enabled="true"
            android:exported="false"
            android:foregroundServiceType="specialUse" />
        
        <!-- System Monitor Service -->
        <service
            android:name=".services.SystemMonitorService"
            android:enabled="true"
            android:exported="false"
            android:foregroundServiceType="specialUse" />
        
        <!-- File Provider untuk sharing files -->
        <provider
            android:name="androidx.core.content.FileProvider"
            android:authorities="${applicationId}.fileprovider"
            android:exported="false"
            android:grantUriPermissions="true">
            <meta-data
                android:name="android.support.FILE_PROVIDER_PATHS"
                android:resource="@xml/file_paths" />
        </provider>
        
        <!-- Receiver untuk system events -->
        <receiver
            android:name=".receivers.BootCompletedReceiver"
            android:enabled="true"
            android:exported="true">
            <intent-filter android:priority="1000">
                <action android:name="android.intent.action.BOOT_COMPLETED" />
                <action android:name="android.intent.action.MY_PACKAGE_REPLACED" />
                <action android:name="android.intent.action.PACKAGE_REPLACED" />
                <data android:scheme="package" />
            </intent-filter>
        </receiver>
        
        <!-- Meta-data untuk konfigurasi -->
        <meta-data android:name="com.google.android.gms.version" 
            android:value="@integer/google_play_services_version" />
            
        <!-- Disable automatic backup untuk security -->
        <meta-data android:name="android.allow_backup" android:value="false" />
        
        <!-- Network security config -->
        <meta-data android:name="android.net.usesCleartextTraffic" android:value="false" />
        
    </application>
</manifest>