{
  "name": "gamebooster-mobile",
  "version": "1.0.0",
  "description": "Cross-platform Game Booster for Android and iOS",
  "main": "App.js",
  "scripts": {
    "android": "react-native run-android",
    "ios": "react-native run-ios",
    "start": "react-native start",
    "test": "jest",
    "lint": "eslint .",
    "build:android": "cd android && ./gradlew assembleRelease",
    "build:ios": "cd ios && xcodebuild -workspace GameBooster.xcworkspace -scheme GameBooster -configuration Release archive",
    "sign:android": "cd android && ./gradlew assembleRelease && apksigner sign --ks gamebooster-release-key.keystore --out app-release-signed.apk app/build/outputs/apk/release/app-release-unsigned.apk",
    "sign:ios": "cd ios && xcodebuild -workspace GameBooster.xcworkspace -scheme GameBooster -configuration Release -archivePath GameBooster.xcarchive archive"
  },
  "dependencies": {
    "react": "18.2.0",
    "react-native": "0.72.6",
    "react-native-device-info": "^10.11.0",
    "react-native-permissions": "^3.10.1",
    "react-native-vector-icons": "^10.0.1",
    "react-native-async-storage": "^1.19.5",
    "react-native-linear-gradient": "^2.8.3",
    "react-native-reanimated": "^3.5.4",
    "react-native-gesture-handler": "^2.13.4",
    "@react-navigation/native": "^6.1.9",
    "@react-navigation/stack": "^6.3.20",
    "react-native-safe-area-context": "^4.7.4",
    "react-native-screens": "^3.27.0"
  }
}